nombre_producto;total_entregado_total;total_entregado_parcial;total_pendiente;cantidad_total_junio;cantidad_parcial_junio;cantidad_pendiente_junio
Abacavir 2% [100mg/5mL] Solucion oral;;;;;;
Abacavir 300mg Tableta;;;;;;
Abiraterona 250mg Tableta;;;;;;
Abiraterona 500mg Tableta;;;;;;
Acetaminofen + Codeina 325mg + 15mg Tableta;;;;;;
Acetaminofen + Codeina 325mg + 30mg Tableta;;180;;;180;
Acetaminofen + Tizanidina 350mg + 2mg Tableta;;;;;;
Acetaminofen + Tramadol 325mg + 37,5mg Tableta;;;;;;
Acetaminofen 100mg/mL Solucion oral;;;;;;
Acetaminofen 3% [150mg/5mL] Jarabe;;49;;;49;
Acetaminofen 5% [250mg/5mL] Suspension oral;;;;;;
Acetaminofen 500mg Tableta;;4442;;;4442;
Acetazolamida 250mg Tableta;;240;;;240;
Acetilcisteina 200mg Polvo para reconstituir a solucion oral;;;;;;
Acetilcisteina 600mg Polvo para reconstituir a solucion oral;;;;;;
Acetilsalicilico acido 100mg Tableta;;;;;;
Aciclovir 200mg Tableta;;733;;;733;
Aciclovir 5% [500mg/10g] Unguento topico;;;;;;
Aciclovir 800mg Tableta;;505;;;505;
Agua destilada esteril 10mL Solucion inyectable;;;;;;
Aguja para lapicero insulina;;;;;;
Albendazol 2% [100mg/5mL] Suspension oral;;;;;;
Albendazol 200mg Tableta;;79;;;79;
Alendronico acido 70mg Tableta;;;;;;
Alfametildopa 250mg Tableta;;;;;;
Alginato de sodio + Bicarbonato de sodio + Calcio carbonato 5% + 2,13% + 3,25% [250mg + 106,5mg + 162,5mg/5mL] Suspension oral;;;;;;
Alimento en polvo a base de multivitaminas y minerales (Vitamix) sobre x 1g;;;;;;
Alimento listo para uso (Pumply Nut) Sobre x 92g;;;;;;
Alizaprida 12mg/mL Solucion oral;;1;;;1;
Alizaprida 50mg Tableta;;;;;;
Alopurinol 100mg Tableta;;372;;;372;
Alopurinol 300mg Tableta;;180;;;180;
Alprazolam 0,25mg Tableta;;;;;;
Alprazolam 0,5mg Tableta;;;;;;
Alprazolam 1mg Tableta;;;;;;
Aluminio acetato 0,118% [5,9mg/5mL] Locion topica;;;;;;
Aluminio hidroxido + Magnesio hidroxido + Simeticona 4% + 4% + 0,4% [200mg + 200mg + 20mg/5mL] Suspension oral;;;;;;
Aluminio hidroxido 6% [300mg/5mL] Suspension oral;;;;;;
Aluminio sulfato + Calcio acetato 0,052% + 0,036% Polvo topico;;;;;;
Alverina citrato + Simeticona 60mg + 300mg Capsula blanda;;;;;;
Amantadina clorhidrato 100mg Capsula dura;;;;;;
Amikacina [500mg/2mL] Solucion inyectable;;5;;;5;
Amiodarona clorhidrato 200mg Tableta;;782;;;782;
Amisulprida 200mg Tableta;;;;;;
Amitriptilina clorhidrato 25mg Tableta;;;;;;
Amlodipino + Hidroclorotiazida + Valsartan 10mg + 12,5mg + 160mg Tableta;;;;;;
Amlodipino + Hidroclorotiazida + Valsartan 10mg + 25mg + 320mg Tableta;;;;;;
Amlodipino + Irbesartan 10mg + 300mg Tableta;;;;;;
Amlodipino + Irbesartan 5mg + 150mg Tableta;;;;;;
Amlodipino + Losartan 5mg + 100mg Capsula dura;;;;;;
Amlodipino + Losartan 5mg + 50mg Tableta;;;;;;
Amlodipino + Olmesartan 5mg + 40mg Tableta;;;;;;
Amlodipino + Telmisartan 10mg + 80mg Tableta;;;;;;
Amlodipino + Telmisartan 5mg + 80mg Tableta;;;;;;
Amlodipino + Valsartan 10mg + 160mg Tableta;;;;;;
Amlodipino + Valsartan 10mg + 320mg Tableta;;;;;;
Amlodipino + Valsartan 5mg + 160mg Capsula blanda;;;;;;
Amlodipino + Valsartan 5mg + 160mg Tableta;;;;;;
Amlodipino + Valsartan 5mg + 320mg Tableta;;;;;;
Amlodipino + Valsartan 5mg + 80mg Tableta;;;;;;
Amlodipino 10mg Tableta;;485;;;485;
Amlodipino 5mg Tableta;;798;;;798;
Amoxicilina + Clavulanico acido 500mg + 125mg Tableta;;;;;;
Amoxicilina + Clavulanico acido 875mg + 125mg Tableta;;;;;;
Amoxicilina 5% [250mg/5mL] Polvo para reconstituir a solucion oral;;;;;;
Amoxicilina 500mg Capsula dura;;413;;;413;
Ampicilina 500mg Capsula dura;;923;;;923;
Apalutamida 60mg Tableta;;;;;;
Apixaban 2,5mg Tableta;;641;;;641;
Apixaban 5mg Tableta;;1773;;;1773;
Aripiprazol 15mg Tableta;;1030;;;1030;
Ascorbico acido + Cianocobalamina (vitamina B12) + Folico acido + Fumarato ferroso 100mg + 1mg + 2mg + 330mg Capsula dura;;;;;;
Ascorbico acido + Folico acido + Hierro (fumarato ferroso) 100mg + 1mg + 330mg Capsula dura;;;;;;
Ascorbico acido 100mg/mL Solucion oral;;;;;;
Ascorbico acido 500mg Tableta masticable;;997;;;997;
Atorvastatina + Ezetimiba 20mg + 10mg Tableta;;;;;;
Atorvastatina + Ezetimiba 40mg + 10mg Tableta;;;;;;
Atorvastatina 10mg Tableta;;180;;;180;
Atorvastatina 20mg Tableta;;1244;;;1244;
Atorvastatina 40mg Tableta;;1344;;;1344;
Atorvastatina 80mg Tableta;;;;;;
Atropina sulfato 10mg/mL Solucion oftalmica;;;;;;
Azacitidina 100mg Polvo esteril para reconstituir Vial;;;;;;
Azacitidina 300mg Tableta;;;;;;
Azitromicina 4% [200mg/5mL] Polvo para reconstituir a solucion oral;;;;;;
Azitromicina 500mg Tableta;;185;;;185;
Bacillus clausii 2000 millones/5mL Suspension oral;;;;;;
Baclofeno 10mg Tableta;;880;;;880;
Barrera de colostomia No. 45mm;;;;;;
Barrera de colostomia No. 57mm;;;;;;
Barrera de colostomia No. 70mm;;;;;;
Beclometasona dipropionato + Formoterol fumarato 100mcg + 6mcg/dosis Solucion en aerosol;;;;;;
Beclometasona dipropionato 250mcg/dosis Solucion en aerosol;;;;;;
Beclometasona dipropionato 50mcg/dosis Solucion en aerosol;;;;;;
Bencilo benzoato 30% [1.5g/5mL] Locion topica;;;;;;
Betahistina 16mg Tableta;;480;;;480;
Betahistina 24mg Tableta;;780;;;780;
Betahistina 8mg Tableta;;841;;;841;
Betametasona acetato + Betametasona sodio fosfato [3mg + 3mg/mL] Solucion inyectable;;;;;;
Betametasona sodio fosfato [4mg/mL] Solucion inyectable;;;;;;
Betametasona sodio fosfato [8mg/2mL] Solucion inyectable;;;;;;
Betametasona valerato + Clotrimazol + Neomicina 0,04% + 1% + 0,5% [4mg + 100mg + 50mg/10g] Crema topica;;;;;;
Betametasona valerato 0,05% [5mg/10g] Crema topica;;;;;;
Betametasona valerato 0,1% [10mg/10g] Crema topica;;;;;;
Betametildigoxina 0,1mg Tableta;;;;;;
Bevacizumab 25mg/mL [100mg/4mL] Solucion inyectable Vial x 4mL;;;;;;
Bicalutamida 150mg Tableta;;;;;;
Bicalutamida 50mg Tableta;;;;;;
Bilastina 20mg Tableta;;180;;;180;
Bimatoprost + Timolol maleato 0,3mg + 5mg/mL Solucion oftalmica Frasco gotero x 3mL;;;;;;
Bimatoprost 0,3mg/mL Solucion oftalmica Frasco gotero x 3mL;;;;;;
Biperideno 2mg Tableta;;720;;;720;
Bisacodilo 5mg Tableta;;700;;;700;
Bismuto subsalicilato 262mg Tableta masticable;;;;;;
Bisoprolol 2,5mg Tableta;;;;;;
Bisoprolol 5mg Tableta;;;;;;
Bleomicina 15UI Polvo esteril para reconstituir;;;;;;
Bolsa de colostomia No. 45mm;;;;;;
Bolsa de colostomia No. 57mm;;;;;;
Bolsa de colostomia No. 70mm;;;;;;
Bolsa recolectora de orina 2000mL;;;;;;
Bortezomib 3,5mg Polvo esteril para reconstituir Vial;;;;;;
Bosentan 125mg Tableta;;180;;;180;
Bosentan 62.5mg Tableta;;;;;;
Brimonidina tartrato + Brinzolamida 2mg + 10mg/mL Solucion oftalmica Frasco gotero x 2,5mL;;;;;;
Brimonidina tartrato + Dorzolamina + Timolol 2mg + 20mg + 5mg/mL Solucion oftalmica Frasco gotero x 5mL;;;;;;
Brimonidina tartrato + Timolol 2mg + 5mg/mL Solucion oftalmica Frasco gotero x 10mL;;;;;;
Brimonidina tartrato + Timolol 2mg + 5mg/mL Solucion oftalmica Frasco gotero x 2,5mL;;;;;;
Brimonidina tartrato 2mg/mL Solucion oftalmica Frasco gotero x 5mL;;;;;;
Brivaracetam 100mg Tableta;;;;;;
Brivaracetam 50mg Tableta;;;;;;
Bromfenaco 0,9mg/mL Solucion oftalmica Frasco gotero x 5mL;;;;;;
Budesonida + Formoterol 160mcg + 4.5mcg/dosis Aerosol Inhalador x 120 dosis;;;;;;
Budesonida + Formoterol 160mcg + 4.5mcg/dosis Polvo para inhalacion Inhalador x 120 dosis;;;;;;
Budesonida + Formoterol 200mcg + 6mcg Capsula dura para inhalacion;;;;;;
Budesonida + Formoterol 320mcg + 9mcg/dosis Aerosol Inhalador x 200 dosis;;;;;;
Budesonida 0.5mg/mL [1mg/2mL] Solucion para inhalacion;;;;;;
Bupropion 150mg Tableta de liberacion prolongada;;;;;;
Cabergolina 0,5mg Tableta;;80;;;80;
Cafeina + Ergotamina tartrato 100mg + 1mg Tableta;;;;;;
Calcifediol (Vitamina D3) 100,000UI Capsula blanda;;17;;;17;
Calcio carbonato + Vitamina D3 + Zinc [300mg + 100UI + 7,5mg/5mL] Suspension oral;;;;;;
Calcio carbonato + Vitamina D3 500mg + 200UI Polvo efervescente;;;;;;
Calcio carbonato + Vitamina D3 500mg + 330UI Tableta;;;;;;
Calcio carbonato + vitamina D3 600mg + 200UI Tableta;;;;;;
Calcio carbonato + Vitamina D3 600mg + 400UI Tableta;;;;;;
Calcio carbonato 1500mg (600mg calcio) Tableta;;;;;;
Calcio carbonato 600mg Tableta masticable;;;;;;
Calcio citrato + Fumarato ferroso + Folico acido + Vitamina D3 200mg + 18mg + 0.4mg + 400UI Tableta;;;;;;
Calcio citrato + Vitamina D3 1500mg (calcio 315mg) + 200UI Tableta;;;;;;
Calcio citrato + Vitamina D3 1500mg (calcio 315mg) + 800UI Tableta;;;;;;
Calcitriol 0,25mcg Capsula blanda;;1039;;;1039;
Calcitriol 0,5mcg Capsula blanda;;;;;;
Capecitabina 500mg Tableta;;;;;;
Captopril 25mg Tableta;;450;;;450;
Captopril 50mg Tableta;;330;;;330;
Carbamazepina 2% [100mg/5mL] Suspension oral Frasco x 100mL;;;;;;
Carbamazepina 2% [100mg/5mL] Suspension oral Frasco x 120mL;;;;;;
Carbamazepina 200mg Tableta;;3555;;;3555;
Carbamazepina 200mg Tableta de liberacion prolongada;;;;;;
Carbamazepina 400mg Tableta de liberacion prolongada;;;;;;
Carbidopa + Entacapona + Levodopa 12,5mg + 200mg + 50mg Tableta;;;;;;
Carbidopa + Entacapona + Levodopa 25mg + 200mg + 100mg Tableta;;;;;;
Carbidopa + Entacapona + Levodopa 40,5mg + 200mg + 150mg Tableta;;;;;;
Carbidopa + Entacapona + Levodopa 50mg + 200mg + 200mg Tableta;;;;;;
Carbidopa + Levodopa 25mg + 100mg Tableta;;;;;;
Carbidopa + Levodopa 25mg + 250mg Tableta;;1590;;;1590;
Carboplatino 10mg/mL [450mg/45mL] Solucion inyectable;;;;;;
Carboximetilcelulosa sodica (viscocidad media 7M8SFPH) + Carboximetilcelulosa sodica (viscocidad alta 7H3SXF) + Glicerina 3,25mg + 1,75mg + 9mg/mL Solucion oftalmica;;;;;;
Carboximetilcelulosa sodica + Glicerina + Hialuronato de sodio 5mg + 9mg + 1mg/mL Solucion oftalmica;;;;;;
Carboximetilcelulosa sodica + Glicerina 5mg + 9mg/mL Solucion oftalmica;;;;;;
Carboximetilcelulosa sodica 10mg/mL Solucion oftalmica;;;;;;
Carboximetilcelulosa sodica 5mg/mL Solucion oftalmica;;;;;;
Carvedilol 12,5mg Tableta;;955;;;955;
Carvedilol 25mg Tableta;;360;;;360;
Carvedilol 6,25mg Tableta;;1891;;;1891;
Cefalexina 5% [250mg/5mL] Polvo para reconstituir a solucion oral;;;;;;
Cefalexina 500mg Capsula dura;;510;;;510;
Ceftriaxona 1g Polvo esteril para reconstituir;;;;;;
Cefuroxima 500mg Tableta;;52;;;52;
Celecoxib 100mg Capsula dura;;;;;;
Celecoxib 200mg Capsula dura;;;;;;
Cetirizina 0,1% [5mg/5mL] Jarabe;;;;;;
Cetirizina 1% [10mg/mL] Solucion oral;;1;;;1;
Cetirizina 10mg Tableta;;272;;;272;
Cianocobalamina (vitamina B12) 1mg/mL Solucion inyectable;;;;;;
Ciclobenzaprina + Lisina clonixinato 5mg + 125mg Capsula blanda;;;;;;
Ciclobenzaprina 10mg Tableta;;380;;;380;
Ciclobenzaprina 15mg Tableta ;;20;;;20;
Ciclofosfamida 1g Polvo esteril para reconstituir;;;;;;
Ciclofosfamida 500mg Polvo esteril para reconstituir;;;;;;
Ciclofosfamida 50mg Tableta;;;;;;
Cilostazol 100mg Tableta;;58;;;58;
Cilostazol 50mg Tableta;;;;;;
Cinacalcet 30mg Tableta;;90;;;90;
Ciprofibrato 100mg Tableta;;150;;;150;
Ciprofloxacina + Dexametasona 3mg + 1mg/mL Solucion oftalmica;;;;;;
Ciprofloxacina + Dexametasona 3mg + 1mg/mL Solucion otica;;;;;;
Ciprofloxacina 500mg Tableta;;;;;;
Cisplatino 1mg/mL [50mg/50mL] Solucion inyectable;;;;;;
Citalopram 20mg Tableta;;;;;;
Citarabina [500mg/5mL] Solucion inyectable Vial x 5mL;;;;;;
Citicolina 500mg Tableta;;;;;;
Citrato de sodio + Dextrosa + Potasio cloruro + Sodio cloruro 2,9% + 13,5% + 1,5% + 2,6% Polvo para reconstituir a solucion oral;;;;;;
Claritromicina 5% [250mg/5mL] Polvo para reconstituir a solucion oral;;;;;;
Claritromicina 500mg Tableta;;115;;;115;
Clindamicina 300mg Capsula dura;;378;;;378;
Clobazam 10mg Tableta;;600;;;600;
Clobazam 20mg Tableta;;;;;;
Clobetasol 0.05% [2,5mg/5mL] Locion topica;;;;;;
Clobetasol 0.05% [5mg/10g] Crema topica;;;;;;
Clonazepam 0.25% [2.5mg/mL] Solucion oral;;;;;;
Clonazepam 0.5mg Tableta;;750;;;750;
Clonazepam 2mg Tableta;;426;;;426;
Clonidina clorhidrato 150mcg (0,150mg) Tableta;;;;;;
Clopidogrel 75mg Tableta;;540;;;540;
Clorfeniramina maleato 0,04% [2mg/5mL] Jarabe;;;;;;
Clorfeniramina maleato 4mg Tableta;;;;;;
Cloroquina fosfato 150mg Tableta;;;;;;
Clortalidona + Valsartan 25mg + 160mg Tableta;;;;;;
Clortalidona 12.5mg Tableta;;;;;;
Clortalidona 25mg Tableta;;90;;;90;
Clotrimazol 1% [100mg/10g] Crema topica;;;;;;
Clotrimazol 1% [100mg/10g] Crema vaginal;;;;;;
Clotrimazol 1% [100mg/10g] Solucion topica;;;;;;
Clotrimazol 100mg Ovulo;;46;;;46;
Clotrimazol 100mg Tableta vaginal;;;;;;
Clozapina 100mg Tableta;;675;;;675;
Clozapina 25mg Tableta;;480;;;480;
Colchicina 0.5mg Tableta;;1080;;;1080;
Colestiramina 44.44g Granulos;;;;;;
Colistina sulfato + Hidrocortisona acetato + Neomicina sulfato 1,538mg + 0,5mg + 5mg/mL Solucion otica;;;;;;
Complejo B - Nicotinamida + Piridoxina + Riboflavina + Tiamina [20mg + 10mg + 1,5mg + 5mg/5mL] Jarabe;;;;;;
Complejo B [Vitamina B1 (tiamina) + Vitamina B6 (piridoxina) + Vitamina B12 (hidroxicobalamina)] [100mg + 50mg + 10mcg/2mL] Solucion inyectable;;;;;;
Condroitina sulfato + Glucosamina sulfato + Metilsulfonilmetano 1,2g + 1,5g + 2,4g Polvo para reconstituir a solucion oral Sobre x 9g;;;;;;
Condroitina sulfato + Hialuronato de sodio 1.8mg + 1mg/mL Solucion oftalmica Frasco gotero x 10mL;;;;;;
Cromoglicato de sodio 2% [20mg/mL] Solucion intranasal;;;;;;
Cromoglicato de sodio 2% [20mg/mL] Solucion oftalmica;;;;;;
Cromoglicato de sodio 4% [40mg/mL] Solucion oftalmica;;;;;;
Crotamiton 10% [500mg/5mL] Locion topica;;;;;;
Dabigatran 150mg Capsula dura;;;;;;
Dabigatran etexilato 110mg Capsula dura;;;;;;
Dacarbazina 200mg Polvo esteril para reconstituir;;;;;;
Danazol 200mg Capsula dura;;150;;;150;
Dapagliflozina + Metformina 10mg + 1000mg Tableta de liberacion prolongada;;140;;;140;
Dapagliflozina + Metformina 5mg + 1000mg Tableta de liberacion prolongada;;522;;;522;
Dapagliflozina 10mg Tableta;;1280;;;1280;
Dasatinib 100mg Tableta;;180;;;180;
Deflazacort 30mg Tableta;;90;;;90;
Deflazacort 6mg Tableta;;400;;;400;
Desloratadina + Montelukast 5mg + 10mg Tableta;;600;;;600;
Desloratadina 0,05% [2,5mg/5mL] Jarabe;;18;;;18;
Desloratadina 5mg Tableta;;411;;;411;
Desmopresina 120mcg Tableta sublingual;;;;;;
Desonida 0,05% [2,5mg/5mL] Locion topica;;;;;;
Desonida 0,05% [5mg/10g] Crema topica;;;;;;
Desvenlafaxina 50mg Tableta de liberacion prolongada;;180;;;180;
Dexametasona + Neomicina + Polimixina B 1mg + 3,5mg + 6000UI/mL Solucion oftalmica;;;;;;
Dexametasona + Tobramicina 0,1% + 0,3% [10mg + 30mg/10g] Unguento oftalmico;;;;;;
Dexametasona + Tobramicina 1mg + 3mg/mL Solucion oftalmica;;;;;;
Dexametasona 4mg Tableta;;;;;;
Dexametasona fosfato [4mg/mL] Solucion inyectable;;;;;;
Dexametasona fosfato [8mg/2mL] Solucion inyectable;;;;;;
Dexametasona fosfato + Lidocaina 0,1% + 2% [10mg + 200mg/10g] Crema proctologica;;;;;;
Dexametasona fosfato 0,75mg Tableta;;;;;;
Dextrosa en agua destilada 5% [1000mL] Solucion inyectable;;;;;;
Dextrosa en agua destilada 5% [250mL] Solucion inyectable;;;;;;
Dextrosa en agua destilada 50% [500mL] Solucion inyectable;;;;;;
Diacereina 50mg Capsula dura;;;;;;
Diclofenaco [75mg/3mL] Solucion inyectable;;;;;;
Diclofenaco + Tramadol 25mg + 25mg Tableta;;;;;;
Diclofenaco + Tramadol 50mg + 50mg Tableta;;;;;;
Diclofenaco 1% [100mg/10g] Gel topico;;;;;;
Diclofenaco 50mg Tableta;;;;;;
Diclofenaco 50mg Tableta de liberacion retardada;;;;;;
Dicloxacilina 5% [250mg/5mL] Polvo para reconstituir a solucion oral;;;;;;
Dicloxacilina 500mg Capsula dura;;269;;;269;
Dienogest 2mg Tableta;;410;;;410;
Difenhidramina 50mg Capsula dura;;879;;;879;
Difenhidramina clorhidrato 0,25% [12,5mg/5mL] Jarabe;;;;;;
Dihidrocodeina bitartrato 0,24% [12,1mg/5mL] Jarabe;;;;;;
Diltiazem 60mg Tableta;;240;;;240;
Dimenhidrinato 50mg Tableta;;333;;;333;
Diosmina + Hesperidina [900mg + 100mg/10mL] Solucion oral;;;;;;
Diosmina + Hesperidina 450mg + 50mg Tableta;;1301;;;1301;
Diosmina + Hesperidina 900mg + 100mg Tableta;;240;;;240;
Dipirona sodica + Hioscina n-butil bromuro 2,5g + 20mg/5mL Solucion inyectable;;;;;;
Dipirona sodica 1g/2mL Solucion inyectable;;;;;;
Divalproato de sodio (valproico acido) 250mg Tableta de liberacion prolongada;;;;;;
Divalproato de sodio (valproico acido) 250mg Tableta de liberacion retardada;;;;;;
Divalproato de sodio (valproico acido) 500mg Tableta de liberacion prolongada;;;;;;
Divalproato de sodio (valproico acido) 500mg Tableta de liberacion retardada;;;;;;
Docetaxel [80mg/4mL] Solucion inyectable concentrada Vial x 4mL;;;;;;
Domperidona 0.1% [5mg/5mL] Suspension oral;;;;;;
Domperidona 10mg Tableta;;210;;;210;
Donepecilo 5mg Tableta;;;;;;
Dornasa alfa [2,5mg/2,5mL] Solucion para inhalacion Ampula x 2,5mL;;;;;;
Dorzolamida + Timolol maleato 20mg + 5mg/mL Solucion oftalmica Frasco gotero x 5mL;;;;;;
Doxazosina 4mg Tableta;;;;;;
Doxiciclina 100mg Tableta;;482;;;482;
Doxilamina succinato + Piridoxina 10mg + 10mg Tableta de liberacion retardada;;;;;;
Doxorubicina 2mg/mL [50mg/25mL] Solucion inyectable Vial x 25mL;;;;;;
Drospirenona 4mg Tableta;;;;;;
Duloxetina 30mg Capsula de liberacion retardada;;667;;;667;
Duloxetina 30mg Tableta de liberacion retardada;;;;;;
Duloxetina 60mg Capsula de liberacion retardada;;176;;;176;
Dutasteride + Tamsulosina 0.5mg + 0.4mg Capsula dura;;;;;;
Eltrombopag 25mg Tableta;;;;;;
Eltrombopag 50mg Tableta;;;;;;
Empagliflozina + Linagliptina 10mg + 5mg Tableta;;;;;;
Empagliflozina + Linagliptina 25mg + 5mg Tableta;;;;;;
Empagliflozina + Metformina 12,5mg + 1000mg Tableta;;;;;;
Empagliflozina + Metformina 12,5mg + 850mg Tableta;;;;;;
Empagliflozina 10mg Tableta;;210;;;210;
Empagliflozina 25mg Tableta;;;;;;
Emtricitabina + Tenofovir alafenamida 200mg + 25mg Tableta;;;;;;
Emtricitabina + Tenofovir disoproxil fumarato 200mg + 300mg Tableta;;;;;;
Enalapril maleato 20mg Tableta;;;;;;
Enalapril maleato 5mg Tableta;;;;;;
Enoxaparina sodica 2000UI [20mg/0,2mL] Solucion inyectable Jeringa prellenada x 0,2mL;;;;;;
Enoxaparina sodica 4000UI [40mg/0,4mL] Solucion inyectable Jeringa prellenada x 0,4mL;;;;;;
Enoxaparina sodica 6000UI [60mg/0,6mL] Solucion inyectable Jeringa prellenada x 0,6mL;;;;;;
Enoxaparina sodica 8000UI [80mg/0,8mL] Solucion inyectable Jeringa prellenada x 0,8mL;;;;;;
Enzalutamida 40mg Capsula blanda;;;;;;
Epinastina 0,5mg/mL Solucion oftalmica;;;;;;
Eplerenona 25mg Tableta;;;;;;
Eritromicina 5% [250mg/5mL] Suspension oral;;;;;;
Eritromicina 500mg Tableta;;80;;;80;
Eritropoyetina alfa humana recombinante 2,000UI Solucion inyectable Ampolla x 1mL;;;;;;
Eritropoyetina humana recombinante 4,000UI Solucion inyectable Ampolla x 1mL;;;;;;
Escitalopram 10mg Tableta;;1016;;;1016;
Escitalopram 20mg Tableta;;600;;;600;
Esomeprazol 10mg Capsula dura;;;;;;
Esomeprazol 10mg Polvo para reconstituir a solucion oral;;;;;;
Esomeprazol 20mg Tableta;;1821;;;1821;
Esomeprazol 20mg Tableta de liberacion retardada;;;;;;
Esomeprazol 40mg Tableta de liberacion retardada;;1363;;;1363;
Espiramicina 3,000,000UI Tableta;;;;;;
Espironolactona 100mg Tableta;;240;;;240;
Espironolactona 25mg Tableta;;1327;;;1327;
Estradiol valerato (tableta 1) + Estradiol valerato (tableta 2) + Dienogest (tableta 2) + Estradiol valerato (tableta 3) + Estradiol valerato (tableta 4) + Dienogest (tableta 4) 1mg + 2mg + 2mg + 3mg + 2mg + 3mg Tableta;;;;;;
Estrogenos conjugados 0.625mg Tableta;;181;;;181;
Estrogenos conjugados 0.625mg/g Crema vaginal Tubo x 43g;;;;;;
Eszopiclona 2mg Tableta;;;;;;
Eszopiclona 3mg Tableta;;120;;;120;
Etinilestradiol + Levonorgestrel 0,03mg + 0,15mg Tableta;;;;;;
Etonogestrel 68mg Implante trasdermico;;;;;;
Etoposido [100mg/5mL] Solucion inyectable;;10;;;10;
Etoricoxib 120mg Tableta;;461;;;461;
Etoricoxib 30mg Tableta;;30;;;30;
Etoricoxib 60mg Tableta;;1326;;;1326;
Etoricoxib 90mg Tableta;;954;;;954;
Everolimus 0,5mg Tableta;;;;;;
Everolimus 0,75mg Tableta;;;;;;
Ezetimibe + Rosuvastatina 10mg + 20mg Tableta;;;;;;
Ezetimibe + Rosuvastatina 10mg + 40mg Tableta;;;;;;
Febuxostat 80mg Capsula blanda;;75;;;75;
Febuxostat 80mg Tableta;;;;;;
Fenazopiridina 200mg Tableta;;;;;;
Fenilalanina + Histidina + Isoleucina + Leucina + Lisina acetato + Metionina + Tirosina + Treonina + Triptofano + Valina 68mg + 38mg + 67mg + 101mg + 105mg + 59mg + 30mg + 53mg + 23mg + 86mg Tableta;;;;;;
Fenilefrina + Prednisolona acetato 1,2mg + 10mg/mL Solucion oftalmica;;;;;;
Fenitoina [125mg/5mL] Suspension oral;;;;;;
Fenitoina sodica 100mg Capsula dura;;;;;;
Fenobarbital 0.4% [20mg/5mL] Solucion oral;;;;;;
Fenobarbital 100mg Tableta;;180;;;180;
Fenobarbital 50mg Tableta;;;;;;
Fenofibrato 200mg Capsula dura;;;;;;
Fenofibrato de colina 135mg Capsula de liberacion retardada;;;;;;
Fenofibrico acido + Rosuvastatina 135mg + 10mg Capsula dura;;;;;;
Fenofibrico acido + Rosuvastatina 135mg + 20mg Capsula dura;;;;;;
Fenoterol bromhidrato + Ipratropio bromuro 50mcg + 20mcg/puff Aerosol Inhalador x 200 dosis;;;;;;
Fexofenadina 0,6% [30mg/5mL] Suspension oral;;;;;;
Fexofenadina 120mg Tableta;;;;;;
Flavoxato 200mg Tableta;;;;;;
Fluconazol 1% [50mg/5mL] Polvo para reconstituir a solucion oral;;;;;;
Fluconazol 150mg Capsula dura;;;;;;
Fluconazol 200mg Capsula dura;;126;;;126;
Fludrocortisona 0,1mg Tableta;;;;;;
Flunarizina 10mg Tableta;;475;;;475;
Flunarizina 5mg Capsula dura;;;;;;
Flunarizina 5mg Tableta;;;;;;
Fluorometolona acetato 1mg/mL Solucion oftalmica;;;;;;
Fluorouracilo [500mg/10mL] Solucion inyectable;;69;;;69;
Fluoxetina 0,4% [20mg/5mL] Jarabe;;93;;;93;
Fluoxetina 20mg Tableta;;728;;;728;
Fluticasona + Salmeterol 125mcg + 25mcg/puff Aerosol Inhalador x 120 dosis;;;;;;
Fluticasona + Salmeterol 250mcg + 25mcg/puff Aerosol Inhalador x 120 dosis;;;;;;
Fluticasona + Salmeterol 250mcg + 50mcg/puff Aerosol Inhalador x 60 dosis;;;;;;
Fluticasona + Salmeterol 500mcg + 50mcg/puff Polvo para inhalacion Inhalador x 60 dosis;;;;;;
Fluticasona + Vilanterol 200mcg + 25mcg/puff Polvo para inhalacion Inhalador x 30 dosis;;;;;;
Fluticasona 27,5mcg/puff Solucion intranasal Inhalador x 120 dosis;;;;;;
Fluticasona 50mcg/puff Aerosol Inhalador x 120 dosis;;;;;;
Fluvoxamina maleato 100mg Tableta;;;;;;
Folico acido 1mg Tableta;;;;;;
Folico acido 5mg Tableta;;;;;;
Folinato de calcio [50mg/5mL] Solucion inyectable;;74;;;74;
Formula terapeutica (F-75) x 400g;;;;;;
Fosaprepitant 150mg Polvo esteril para reconstituir Vial;;;;;;
Fosfato de sodio dibasico + Fosfato de sodio monobasico 6g + 16g/133mL Solucion rectal;;;;;;
Fosfomicina 3g Polvo para reconstituir a solucion oral Sobre x 8g;;;;;;
Furosemida 20mg/2mL Solucion inyectable;;44;;;44;
Furosemida 40mg Tableta;;1024;;;1024;
Fusidico acido 2% [200mg/10g] Crema topica;;;;;;
Gabapentina 300mg Capsula dura;;;;;;
Gabapentina 400mg Capsula dura;;;;;;
Gabapentina 600mg Tableta;;;;;;
Gemcitabina 1g Polvo esteril para reconstituir Vial;;;;;;
Gemfibrozilo 600mg Tableta;;380;;;380;
Gentamicina sulfato [160mg/2mL] Solucion inyectable;;;;;;
Gentamicina sulfato [3mg/mL] Solucion oftalmica;;;;;;
Gentamicina sulfato [80mg/2mL] Solucion inyectable;;;;;;
Glibenclamida 5mg Tableta;;180;;;180;
Glicopirronio + Indacaterol 50mcg + 110mcg Capsula dura para inhalacion;;;;;;
Glimepirida 2mg Tableta;;630;;;630;
Glimepirida 4mg Tableta;;150;;;150;
Glucometro digital;;1;;;1;
Goserelina acetato 10,8mg Solucion inyectable Implante;;;;;;
Guante de examen de nitrilo L Caja x 100 Unidades;;;;;;
Guante de examen de nitrilo M Caja x 100 Unidades;;;;;;
Guante de examen de nitrilo S Caja x 100 Unidades;;;;;;
Guante esteril No. 7 con talco - Par;;;;;;
Guante esteril No. 7,5 con talco - Par;;;;;;
Guante esteril No. 8 con talco - Par;;;;;;
Guayacolato de glicerilo 2% [100mg/5mL] Jarabe;;;;;;
Haloperidol [5mg/mL] Solucion inyectable;;;;;;
Haloperidol 10mg Tableta;;;;;;
Haloperidol 2mg/mL Solucion oral;;;;;;
Haloperidol 5mg Tableta;;445;;;445;
Hialuronato de sodio + Condroitin sulfato 1,6% + 2% [800mg + 1g/50mL] Jeringa prellenada x 50mL;;;;;;
Hialuronato de sodio 2mg/mL Solucion oftalmica;;;;;;
Hialuronato de sodio 4mg/mL Solucion oftalmica;;;;;;
Hidroclorotiazida + Irbesartan 12,5mg + 150mg Tableta;;;;;;
Hidroclorotiazida + Irbesartan 12,5mg + 300mg Tableta;;;;;;
Hidroclorotiazida + Losartan potasico 12,5mg + 100mg Tableta;;;;;;
Hidroclorotiazida + Losartan potasico 12,5mg + 50mg Tableta;;;;;;
Hidroclorotiazida + Losartan potasico 25mg + 100mg Tableta;;;;;;
Hidroclorotiazida + Valsartan 12,5mg + 160mg Tableta;;;;;;
Hidroclorotiazida + Valsartan 12,5mg + 80mg Tableta;;;;;;
Hidroclorotiazida + Valsartan 25mg + 160mg Tableta;;;;;;
Hidroclorotiazida 25mg Tableta;;752;;;752;
Hidrocortisona 1% [100mg/10mL] Locion topica;;;;;;
Hidrocortisona 10mg Tableta;;;;;;
Hidrocortisona 5mg Tableta;;;;;;
Hidrocortisona acetato + Lidocaina 0.25% + 5% [25mg + 500mg] Unguento rectal;;;;;;
Hidrocortisona acetato + Lidocaina 5mg + 60mg Supositorio;;;;;;
Hidrocortisona acetato 0,5% [50mg/10g] Locion topica;;;;;;
Hidrocortisona acetato 1% [100mg/10g] Crema topica;;;;;;
Hidrocortisona succinato 100mg Polvo esteril para reconstituir;;;;;;
Hidromorfona clorhidrato [2mg/mL] Solucion inyectable;;;;;;
Hidromorfona clorhidrato 2.5mg Tableta;;;;;;
Hidromorfona clorhidrato 5mg Tableta;;;;;;
Hidrosmina 200mg Capsula dura;;;;;;
Hidroxicina 0.25% [12.5mg/5mL] Jarabe;;;;;;
Hidroxicina 25mg Tableta;;567;;;567;
Hidroxicloroquina sulfato 200mg Tableta;;;;;;
Hidroxicloroquina sulfato 400mg Tableta;;;;;;
Hidroxiurea (hidroxicarbamida) 500mg Capsula dura;;;;;;
Hierro polimaltosado 1% [50mg/5mL] Jarabe;;;;;;
Hierro sacarato [100mg/5mL] Solucion inyectable;;;;;;
Hioscina n-butil bromuro [20mg/mL] Solucion inyectable;;10;;;10;
Hioscina n-butil bromuro 10mg Tableta;;1719;;;1719;
Ibandronico acido 150mg Tableta;;;;;;
Ibandronico acido 1mg/mL [6mg/6mL] Solucion inyectable Ampolla x 6mL;;;;;;
Ibuprofeno 2% [100mg/5mL] Suspension oral;;;;;;
Ibuprofeno 200mg Capsula blanda;;;;;;
Ibuprofeno 400mg Tableta;;677;;;677;
Ibuprofeno 600mg Tableta;;;;;;
Ibuprofeno 800mg Tableta;;536;;;536;
Ifosfamida 1g Polvo esteril para reconstituir;;;;;;
Imatinib 100mg Tableta;;;;;;
Imatinib 400mg Tableta;;;;;;
Imipramina clorhidrato 10mg Tableta;;;;;;
Imipramina clorhidrato 25mg Tableta;;;;;;
Indacaterol 150mcg Capsula dura para inhalacion;;;;;;
Indapamida + Perindopril 1,25mg + 5mg Tableta;;;;;;
Indapamida 1,5mg Tableta de liberacion prolongada;;;;;;
Indapamida 2,5mg Tableta;;;;;;
Inmunoglobulina humana anti D (RH) 300mcg Solucion inyectable Jeringa prellenada x 2mL;;;;;;
Inmunoglobulina humana normal 160mg/mL [800mg/5mL] Solucion inyectable Vial x 5mL;;;;;;
Inmunoglobulina humana normal 5% [5g/100mL] Solucion inyectable Vial x 100mL;;;;;;
Insulina asparta 100UI/mL [1000UI/10mL] Solucion inyectable Vial x 10mL;;;;;;
Insulina asparta 100UI/mL [300UI/3mL] Solucion inyectable Lapicero x 3mL;;;;;;
Insulina degludec + Liraglutida 100UI + 3,6mg/mL [300UI + 10,8mg/3mL] Solucion inyectable Lapicero x 3mL;;;;;;
Insulina degludec 100UI/mL [300UI/3mL] Solucion inyectable Lapicero x 3mL;;;;;;
Insulina detemir 100UI/mL [300UI/3mL] Solucion inyectable Lapicero x 3mL;;;;;;
Insulina glargina + lixisenatida 100UI + 33mcg/mL [300UI + 99mcg/3mL] Solucion inyectable Lapicero x 3mL;;;;;;
Insulina glargina + lixisenatida 100UI + 50mcg/mL [300UI + 150mcg/3mL] Solucion inyectable Lapicero x 3mL;;;;;;
Insulina glargina 100UI/mL [1000UI/10mL] Solucion inyectable Vial x 10mL;;;;;;
Insulina glargina 100UI/mL [300UI/3mL] Solucion inyectable Lapicero x 3mL;;;;;;
Insulina glargina 300UI/mL [450UI/1,5mL] Solucion inyectable Lapicero x 1,5mL;;;;;;
Insulina glulisina 100UI/mL [1000UI/10mL] Solucion inyectable Vial x 10mL;;;;;;
Insulina glulisina 100UI/mL [300UI/3mL] Solucion inyectable Lapicero x 3mL;;;;;;
Insulina humana 100UI/mL [1000UI/10mL] Solucion inyectable;;;;;;
Insulina lispro 100UI/mL [1000UI/10mL] Solucion inyectable Vial x 10mL;;;;;;
Insulina lispro 100UI/mL [300UI/3mL] Solucion inyectable Lapicero x 3mL;;;;;;
Insulina NPH (isofana) 100UI/mL [1000UI/10mL] Solucion inyectable;;;;;;
Ipratropio bromuro 4mg/200 dosis [20mcg/dosis] Solucion en aerosol Inhalador x 200 dosis;;;;;;
Irbesartan 150mg Tableta;;355;;;355;
Irbesartan 300mg Tableta;;90;;;90;
Irinotecan [100mg/5mL] Solucion inyectable Ampolla x 5mL;;13;;;13;
Isoniazida + Rifampicina 150mg + 300mg Tableta;;;;;;
Isoniazida 100mg Tableta;;;;;;
Isoniazida 300mg Tableta;;;;;;
Isosorbide dinitrato 10mg Tableta;;;;;;
Isosorbide dinitrato 5mg Tableta sublingual;;;;;;
Isotretinoina 10mg Capsula blanda;;;;;;
Isotretinoina 20mg Capsula blanda;;;;;;
Itraconazol 100mg Capsula dura;;528;;;528;
Ivabradina 5mg Tableta;;;;;;
Ivermectina 0,6% [6mg/mL] Solucion oral;;;;;;
Jeringa esteril de 10mL - Unidad;;;;;;
Jeringa esteril de 1mL - Unidad;;;;;;
Jeringa esteril de 20mL - Unidad;;;;;;
Jeringa esteril de 3mL - Unidad;;;;;;
Jeringa esteril de 50mL - Unidad;;;;;;
Jeringa esteril de 5mL - Unidad;;;;;;
Jeringa punta cateter esteril de 60mL - Unidad;;;;;;
Ketoconazol 200mg Tableta;;20;;;20;
Ketotifeno 0,02% [1mg/5mL] Jarabe;;;;;;
Ketotifeno 0,5mg/mL Solucion oftalmica;;;;;;
Ketotifeno 1mg Tableta;;1;;;1;
Lacosamida 1% [50mg/5mL] Solucion oral;;;;;;
Lacosamida 100mg Tableta;;2422;;;2422;
Lacosamida 200mg Tableta;;932;;;932;
Lacosamida 50mg Tableta;;984;;;984;
Lactulosa 66,7% [667mg/mL] Jarabe;;;;;;
Lamotrigina 100mg Tableta orodispersable;;;;;;
Lamotrigina 200mg Tableta orodispersable;;;;;;
Lamotrigina 25mg Tableta orodispersable;;;;;;
Lamotrigina 50mg Tableta orodispersable;;;;;;
Lanceta de glucometria - Unidad;;;;;;
Lansoprazol 30mg Capsula de liberacion retardada;;;;;;
Latanoprost 50mcg/mL Solucion oftalmica Frasco gotero x 2,5mL;;;;;;
Latanoprost 50mcg/mL Solucion oftalmica Frasco gotero x 3mL;;;;;;
Leuprorelina (leuprolida) 22.5mg Polvo esteril para reconstituir Vial;;;;;;
Leuprorelina (leuprolida) 45mg Polvo esteril para reconstituir Vial;;;;;;
Levetiracetam 10% [500mg/5mL] Solucion oral Frasco x 250mL;;;;;;
Levetiracetam 10% [500mg/5mL] Solucion oral Frasco x 300mL;;;;;;
Levetiracetam 1g Tableta;;;;;;
Levetiracetam 30% [1500mg/5mL] Solucion oral Frasco x 300mL;;;;;;
Levetiracetam 500mg Tableta;;5903;;;5903;
Levocetirizina + Montelukast 5mg + 10mg Tableta;;;;;;
Levocetirizina 5mg Tableta;;120;;;120;
Levofloxacina 500mg Tableta;;;;;;
Levofloxacina 750mg Tableta;;;;;;
Levomepromazina 100mg Tableta;;510;;;510;
Levomepromazina 25mg Tableta;;1425;;;1425;
Levomepromazina 40mg/mL Solucion oral;;;;;;
Levonorgestrel 0.75mg Tableta;;;;;;
Levonorgestrel 52mg Dispositivo intrauterino;;;;;;
Levonorgestrel 75mg Solucion inyectable Implante;;;;;;
Levosulpiride + Pancreatina + Simeticona 25mg + 150mg + 80mg Tableta;;1074;;;1074;
Levosulpiride 25mg Tableta;;;;;;
Levotiroxina sodica 100mcg Tableta;;;;;;
Levotiroxina sodica 112mcg Tableta;;;;;;
Levotiroxina sodica 125mcg Tableta;;;;;;
Levotiroxina sodica 137mcg Tableta;;;;;;
Levotiroxina sodica 150mcg Tableta;;;;;;
Levotiroxina sodica 175mcg Tableta;;;;;;
Levotiroxina sodica 200mcg Tableta;;;;;;
Levotiroxina sodica 25mcg Tableta;;;;;;
Levotiroxina sodica 50mcg Tableta;;;;;;
Levotiroxina sodica 62mcg Tableta;;;;;;
Levotiroxina sodica 75mcg Tableta;;;;;;
Levotiroxina sodica 88mcg Tableta;;;;;;
Lidocaina 2% [200mg/10g] Jalea uretral;;;;;;
Lidocaina 2% [20mg/mL] Jalea topica;;;;;;
Lidocaina 5% [700mg/10cm] Parche trasdermico;;;;;;
Linagliptina + Metformina 2,5mg + 1000mg Tableta;;;;;;
Linagliptina + Metformina 2,5mg + 850mg Tableta;;;;;;
Linagliptina 5mg Tableta;;30;;;30;
Linezolid 600mg Tableta;;;;;;
Liraglutida 6mg/mL [18mg/3mL] Solucion inyectable Lapicero x 3mL;;;;;;
Litio carbonato 300mg Tableta;;;;;;
Loperamida clorhidrato 2mg Tableta;;;;;;
Loratadina 0.1% [5mg/5mL] Jarabe;;;;;;
Loratadina 10mg Tableta;;645;;;645;
Lorazepam 1 mg Tableta;;;;;;
Lorazepam 2 mg Tableta;;;;;;
Losartan potasico 100mg Tableta;;;;;;
Losartan potasico 50mg Tableta;;;;;;
Loteprednol 2mg/mL Solucion oftalmica;;;;;;
Loteprednol 5mg/mL Solucion oftalmica;;;;;;
Lovastatina 20mg Tableta;;;;;;
Lubiprostone 24mcg Capsula blanda;;;;;;
Mebendazol 100mg Tableta;;;;;;
Mebendazol 2% [100mg/5mL] Solucion oral;;;;;;
Mebevirina 200mg Capsula de liberacion prolongada;;;;;;
Medroxiprogesterona acetato [150mg/1mL] Solucion inyectable Ampolla x 1mL;;;;;;
Medroxiprogesterona acetato + Estradiol cipionato [25mg + 5mg/0,5mL] Solucion inyectable Ampolla x 0,5mL;;;;;;
Medroxiprogesterona acetato 10mg Tableta;;;;;;
Medroxiprogesterona acetato 50mg/mL [150mg/3mL] Solucion inyectable Vial x 3mL;;;;;;
Medroxiprogesterona acetato 5mg Tableta;;;;;;
Melatonina 2mg Tableta de liberacion prolongada;;120;;;120;
Melatonina 3mg Tableta;;60;;;60;
Meloxicam [15mg/1,5mL] Solucion inyectable;;12;;;12;
Meloxicam 15mg Tableta;;488;;;488;
Meloxicam 7,5mg Tableta;;651;;;651;
Memantina 10mg Tableta;;649;;;649;
Memantina 20mg Tableta;;;;;;
Mercaptopurina 50mg Tableta;;121;;;121;
Mesalazina 1.5g Polvo de liberacion prolongada para reconstituir a solucion oral Sobre x 2,79g;;;;;;
Mesalazina 500mg Supositorio;;102;;;102;
Mesalazina 500mg Tableta de liberacion retardada;;599;;;599;
Mesna [400mg/4mL] Solucion inyectable;;35;;;35;
Metadona 10mg/mL Solucion oral;;;;;;
Metadona clorhidrato 10mg Tableta;;;;;;
Metadona clorhidrato 40mg Tableta;;;;;;
Metformina + Sitagliptina 1000mg + 100mg Tableta de liberacion prolongada Frasco;;;;;;
Metformina + Sitagliptina 1000mg + 50mg Tableta;;;;;;
Metformina + Sitagliptina 1000mg + 50mg Tableta de liberacion prolongada;;;;;;
Metformina + Sitagliptina 850mg + 50mg Tableta;;;;;;
Metformina + Vildagliptina 1000mg + 50mg Tableta;;;;;;
Metformina + Vildagliptina 500mg + 50mg Tableta;;;;;;
Metformina + Vildagliptina 850mg + 50mg Tableta;;;;;;
Metformina clorhidrato 1000mg Tableta;;;;;;
Metformina clorhidrato 500mg Tableta;;;;;;
Metformina clorhidrato 750mg Tableta de liberacion prolongada;;;;;;
Metformina clorhidrato 850mg Tableta;;;;;;
Metilfenidato 10mg Tableta;;90;;;90;
Metilprednisolona 16mg Tableta;;17;;;17;
Metilprednisolona 4mg Tableta;;;;;;
Metilprednisolona 500mg Polvo esteril para reconstituir Vial;;;;;;
Metilprednisolona acetato 40mg/mL [200mg/5mL] Solucion inyectable Vial x 5mL;;;;;;
Metimazol 5mg Tableta;;3060;;;3060;
Metocarbamol 750mg Tableta;;717;;;717;
Metoclopramida [10mg/2mL] Solucion inyectable;;;;;;
Metoclopramida 10mg Tableta;;456;;;456;
Metoclopramida 4mg/mL Solucion oral;;3;;;3;
Metoprolol succinato 50mg Tableta de liberacion prolongada;;;;;;
Metoprolol tartrato 100mg Tableta;;;;;;
Metoprolol tartrato 50mg Tableta;;;;;;
Metotrexato [25mg/0,5mL] Solucion inyectable Jeringa prellenada x 0,5mL;;;;;;
Metotrexato 2,5mg Tableta;;340;;;340;
Metotrexato 25mg/mL [10mg/0,4mL] Solucion inyectable Jeringa prellenada x 0,4mL;;;;;;
Metotrexato 25mg/mL [500mg/20mL] Solucion inyectable Vial x 20mL;;;;;;
Metotrexato 500mg Polvo esteril para reconstituir Vial;;;;;;
Metronidazol + Nistatina 500mg + 100,000UI Ovulo;;10;;;10;
Metronidazol 5% [250mg/5mL] Suspension oral;;;;;;
Metronidazol 500mg Ovulo;;84;;;84;
Metronidazol 500mg Tableta;;399;;;399;
Mifepristona 200mg Tableta;;;;;;
Minoxidil 10mg Tableta;;;;;;
Mirabegron 50mg Tableta de liberacion prolongada;;;;;;
Mirtazapina 30mg Tableta;;300;;;300;
Misoprostol 200mcg Tableta;;;;;;
Misoprostol 200mcg Tableta vaginal;;;;;;
Mometasona furoato 0,1% [10mg/10g] Crema topica;;;;;;
Mometasona furoato 0.05% Solucion intranasal Frasco x 140 dosis;;;;;;
Montelukast 10mg Tableta;;180;;;180;
Montelukast 4mg Polvo para reconstituir a solucion oral;;;;;;
Montelukast 4mg Tableta masticable;;180;;;180;
Montelukast 5mg Tableta masticable;;360;;;360;
Morfina [10mg/mL] Solucion inyectable;;;;;;
Morfina 3% [150mg/5mL] Solucion oral;;;;;;
Mosaprida 5mg Tableta;;570;;;570;
Moxifloxacino 400mg Tableta;;17;;;17;
Moxifloxacino 5mg/mL Solucion oftalmica Frasco gotero x 5mL;;;;;;
Naproxeno 2,5% [125mg/5mL] Suspension oral;;;;;;
Naproxeno 250mg Tableta;;1097;;;1097;
Naproxeno 500mg Tableta;;270;;;270;
Naratriptan 2.5mg Tableta;;;;;;
Nebivolol 5mg Tableta;;;;;;
Nepafenaco 1mg/mL Solucion oftalmica Frasco x 3mL;;;;;;
Nicotinamida + Piridoxina + Riboflavina + Tiamina [50mg + 50mg + 5mg + 25mg/10mL] Solucion inyectable;;;;;;
Nicotinamida + Piridoxina + Riboflavina + Tiamina 20mg + 20mg + 3mg + 10mg Tableta;;;;;;
Nifedipina 30mg Capsula de liberacion prolongada;;;;;;
Nistatina [100,000UI/10g] Crema topica;;;;;;
Nistatina + Zinc oxido 2% (10,000,000) + 20% [200mg (1,000,000) + 2g/10g] Crema topica;;;;;;
Nistatina 10.000.000UI [500.000UI/5mL] Solucion oral;;;;;;
Nitazoxanida 2% [100mg/5mL] Polvo para reconstituir a solucion oral;;;;;;
Nitazoxanida 500mg Tableta;;22;;;22;
Nitrofurantoina 100mg Tableta;;420;;;420;
Nitrofurazona 0,2% [20mg/10g] Unguento topico;;;;;;
Norfloxacina 400mg Tableta;;;;;;
Olanzapina 10mg Tableta;;2326;;;2326;
Olanzapina 5mg Tableta;;744;;;744;
Olmesartan medoxomil 20mg Tableta;;;;;;
Olmesartan medoxomil 40mg Tableta;;;;;;
Olodaterol + Tiotropio 2,5mcg + 2,5mcg Aerosol Inhalador x 30 dosis;;;;;;
Olopatadina 2mg/mL Solucion oftalmica;;;;;;
Omeprazol 20mg Capsula dura;;1786;;;1786;
Omeprazol 40mg Capsula dura;;;;;;
Ondansetron [8mg/4mL] Solucion inyectable;;259;;;259;
Ondansetron 8mg Tableta;;405;;;405;
Otilonio bromuro 40mg Tableta;;;;;;
Oxaliplatino 100mg Polvo esteril para reconstituir Vial;;;;;;
Oxcarbazepina 300mg Tableta;;930;;;930;
Oxcarbazepina 6% [300mg/5mL] Suspension oral Frasco x 100mL;;;;;;
Oxcarbazepina 600mg Tableta;;990;;;990;
Oxibutinino 10mg Tableta de liberacion prolongada;;;;;;
Oxibutinino 5mg Tableta;;;;;;
Oximetazolina 0,25mg/mL Solucion intranasal;;;;;;
Oximetazolina 0,5mg/mL Solucion para nebulizacion;;;;;;
Paclitaxel 6mg/mL [100mg/16.7mL] Solucion inyectable Vial x 16,7mL;;;;;;
Paliperidona 3mg Tableta de liberacion prolongada;;;;;;
Paliperidona 6mg Tableta de liberacion prolongada;;;;;;
Palonosetron [0.25mg/5mL] Solucion inyectable Ampolla x 5mL;;;;;;
Pancreatina (amilasa + lipasa + proteasa) 150mg Capsula de liberacion retardada;;;;;;
Pancreatina (amilasa + lipasa + proteasa) 300mg Capsula de liberacion retardada;;;;;;
Pancreatina + Simeticona 170mg + 80mg Tableta;;;;;;
Panitumumab 20mg/mL [100mg/5mL] Solucion inyectable Ampolla x 5mL;;;;;;
Pantoprazol 20mg Tableta;;180;;;180;
Pantoprazol 20mg Tableta de liberacion retardada;;;;;;
Pantoprazol 40mg Tableta de liberacion retardada;;789;;;789;
Paroxetina 12.5mg Tableta de liberacion prolongada;;30;;;30;
Paroxetina 20mg Tableta;;540;;;540;
Pasta stomahesive Tubo x 56.7g;;;;;;
Pegaspargasa 750UI/mL Solucion inyectable Vial x 5mL;;;;;;
Pegfilgrastim [6mg/0.6mL] Solucion inyectable Jeringa prellenada x 0,6mL;;3;;;3;
Pembrolizumab [100mg/4mL] Solucion inyectable Vial x 4mL;;6;;;6;
Pemetrexed 500mg Polvo esteril para reconstituir Vial;;;;;;
Penicilina G benzatinica 1.200.000UI Polvo esteril para reconstituir;;;;;;
Penicilina G benzatinica 2.400.000UI Polvo esteril para reconstituir;;;;;;
Pentoxifilina 400mg Tableta de liberacion prolongada;;;;;;
Pertuzumab [600mg/20mL] Solucion inyectable Vial x 20mL;;;;;;
Picosulfato de sodio 7,5mg/mL Solucion oral;;;;;;
Pilocarpina 5mg Tableta;;;;;;
Pinaverio + Simeticona 100mg + 300mg Capsula blanda;;;;;;
Pinaverio 100mg Tableta;;;;;;
Pinza para bolsa para colostomia - Unidad;;;;;;
Pirantel pamoato 250mg Tableta;;;;;;
Pirantel pamoato 5% [250mg/5mL] Suspension oral;;;;;;
Piridostigmina bromuro 60mg Tableta;;;;;;
Piridoxina clorhidrato 50mg Tableta;;;;;;
Piroxicam 20mg Capsula dura;;;;;;
Podofilina 20% [1g/5mL] Suspension topica;;;;;;
Poliacrilico acido (carbomero 974P) 0,25% [25mg/10g] Gel oftalmico;;;;;;
Poliacrilico acido (carbopol 940) 0,2% [20mg/10g] Gel oftalmico;;;;;;
Poliestireno sulfonato de calcio 99% [9.9g/10g] Polvo para reconstituir a solucion oral;;;;;;
Polietilenglicol + Propilenglicol 4mg + 3mg/mL Solucion oftalmica;;;;;;
Polietilenglicol 3350 (macrogol) 100g/100g [1g por gramo de polvo] Polvo para reconstituir a solucion oral;;;;;;
Polietilenglicol 400 + Propilenglicol 4mg + 3mg/mL Solucion oftalmica;;;;;;
Polvo stomahesive;;;;;;
Pramipexol 0,75mg Tableta de liberacion prolongada;;180;;;180;
Pramipexol 1,5mg Tableta de liberacion prolongada;;;;;;
Pramipexol 3mg Tableta de liberacion prolongada;;;;;;
Prazosina 1mg Tableta;;1818;;;1818;
Prednisolona 0,1% [5mg/5mL] Solucion oral;;;;;;
Prednisolona 10mg/mL Solucion oftalmica;;;;;;
Prednisolona 5mg Tableta;;2939;;;2939;
Prednisona 50mg Tableta;;468;;;468;
Pregabalina 150mg Capsula dura;;;;;;
Pregabalina 25mg Capsula dura;;;;;;
Pregabalina 300mg Capsula dura;;;;;;
Pregabalina 50mg Capsula dura;;;;;;
Pregabalina 75mg Capsula dura;;;;;;
Preservativo masculino de latex;;;;;;
Progesterona 200mg Capsula blanda;;;;;;
Propafenona 150mg Tableta;;300;;;300;
Propiltiouracilo 100mg Tableta;;180;;;180;
Propiltiouracilo 50mg Tableta;;;;;;
Propranolol 40mg Tableta;;785;;;785;
Propranolol 80mg Tableta;;;;;;
Quetiapina 100mg Tableta;;1980;;;1980;
Quetiapina 200mg Tableta;;480;;;480;
Quetiapina 200mg Tableta de liberacion prolongada;;;;;;
Quetiapina 25mg Tableta;;2273;;;2273;
Quetiapina 300mg Tableta;;270;;;270;
Quetiapina 300mg Tableta de liberacion prolongada;;;;;;
Quetiapina 50mg Tableta de liberacion prolongada;;;;;;
Rasagilina 1mg Tableta;;120;;;120;
Retinoico acido (tretinoina) 0.05% [2.5mg/5mL] Locion topica;;;;;;
Retinoico acido (tretinoina) 0.05% [5mg/10g] Crema topica;;;;;;
Rifampicina 300mg Capsula dura;;;;;;
Rifaximina 200mg Capsula blanda;;264;;;264;
Rifaximina 550mg Tableta;;474;;;474;
Risperidona 1mg Tableta;;1862;;;1862;
Risperidona 1mg/1mL Solucion oral Frasco gotero x 20mL;;;;;;
Risperidona 1mg/1mL Solucion oral Frasco gotero x 30mL;;;;;;
Risperidona 2mg Tableta;;1404;;;1404;
Risperidona 37.5mg Polvo esteril para reconstituir Vial;;;;;;
Risperidona 3mg Tableta;;;;;;
Rituximab 120mg/mL [1400mg/11,7mL] Solucion inyectable Vial x 11,7mL;;;;;;
Rivaroxaban 10mg Tableta;;120;;;120;
Rivaroxaban 15mg Tableta;;652;;;652;
Rivaroxaban 2,5mg Tableta;;28;;;28;
Rivaroxaban 20mg Tableta;;635;;;635;
Rivastigmina 13,3mg/24h [27mg] Parche trasdermico;;;;;;
Rivastigmina 4,6mg/24h [9mg] Parche trasdermico;;;;;;
Rivastigmina 9,5mg/24h [18mg] Parche trasdermico;;;;;;
Rosuvastatina 10mg Tableta;;377;;;377;
Rosuvastatina 20mg Tableta;;575;;;575;
Rosuvastatina 40mg Tableta;;828;;;828;
Rotigotina 13,5mg Parche trasdermico;;;;;;
Rotigotina 18mg Parche trasdermico;;;;;;
Rotigotina 9mg Parche trasdermico;;;;;;
Saccharomyces boulardi 250mg Capsula dura;;;;;;
Saccharomyces boulardi 250mg Polvo para reconstituir a solucion oral;;;;;;
Sacubitrilo Valsartan 100mg Tableta;;;;;;
Sacubitrilo Valsartan 200mg Tableta;;;;;;
Sacubitrilo Valsartan 50mg Tableta;;;;;;
Safinamida 100mg Tableta;;168;;;168;
Salbutamol 0,04% [2mg/5mL] Jarabe Frasco x 120mL;;;;;;
Salbutamol 100mcg/puff Solucion en aerosol;;;;;;
Sales de rehidratacion oral - Dextrosa + Potasio cloruro + Sodio citrato + Sodio cloruro 13,5g + 1,5g + 2,9g + 2,6g Polvo para reconstituir a solucion oral;;;;;;
Semaglutida 2mg/1,5mL [0,25 - 0,5mg/dosis] Solucion inyectable Lapicero x 1,5mL;;;;;;
Sertralina 100mg Tableta;;1226;;;1226;
Sertralina 25mg Tableta;;577;;;577;
Sertralina 50mg Tableta;;1441;;;1441;
Sevelamer clorhidrato 800mg Tableta;;;;;;
Sildenafil 20mg Tableta;;;;;;
Sildenafil 25mg Tableta;;30;;;30;
Sildenafil 50mg Tableta;;746;;;746;
Simeticona + Trimebutina maleato 120mg + 200mg Tableta;;;;;;
Simeticona + Trimebutina maleato 20mg + 200mg Tableta;;;;;;
Sitagliptina 100mg Tableta;;;;;;
Sitagliptina 25mg Tableta;;;;;;
Sitagliptina 50mg Tableta;;84;;;84;
Sodio cloruro + Hialuronato de sodio 7% + 0,1% Solucion para inhalacion Vial x 5mL;;;;;;
Sodio cloruro 0,9% [100mL] Solucion inyectable;;;;;;
Sodio cloruro 0,9% [250mL] Solucion inyectable;;;;;;
Sodio cloruro 0,9% [500mL] Solucion inyectable;;;;;;
Sodio cloruro 0,9% [50mL] Solucion inyectable;;;;;;
Solifenacina succinato 10mg Tableta;;;;;;
Solifenacina succinato 5mg Tableta;;230;;;230;
Somatropina 12mg ó 36UI Polvo esteril para reconstituir Vial;;;;;;
Somatropina 6,7mg/mL [10mg/1,5mL] Solucion inyectable Cartucho x 1,5mL;;;;;;
Sonda foley 2 vias No. 18;;;;;;
Sonda nelaton No. 08;;;;;;
Sonda nelaton No. 10;;;;;;
Sonda nelaton No. 12;;;;;;
Sorafenib 200mg Tableta;;;;;;
Sucralfato 1g Tableta;;;;;;
Sucralfato 20% [1g/5mL] Suspension oral;;;;;;
Sulfacetamida sodica 100mg/mL Solucion oftalmica;;;;;;
Sulfadiazina de plata 1% [100mg/10g] Crema topica;;;;;;
Sulfametoxazol + Trimetoprim 4% + 0.8% [200mg + 40mg/5mL] Suspension oral;;;;;;
Sulfametoxazol + Trimetoprim 400mg + 80mg Tableta;;;;;;
Sulfametoxazol + Trimetoprim 800mg + 160mg Tableta;;;;;;
Sulfasalazina 500mg Tableta de liberacion retardada;;960;;;960;
Sulfato ferroso (hierro) 200mg Tableta;;;;;;
Sulfato ferroso (hierro) 25mg/mL [500mg/20mL] Solucion oral;;;;;;
Sulfato ferroso (hierro) 300mg Tableta;;;;;;
Sulfato ferroso (hierro) 4% [200mg/5mL] Jarabe;;;;;;
Sultamicilina 375mg Tableta;;158;;;158;
Sultamicilina 750mg Tableta;;83;;;83;
Sumatriptan 80mg/mL Solucion oral;;;;;;
Tadalafilo 20mg Tableta;;259;;;259;
Tadalafilo 5mg Tableta;;232;;;232;
Tamoxifeno 20mg Tableta;;490;;;490;
Tamsulosina clorhidrato 0,4mg Capsula de liberacion prolongada;;;;;;
Tapentadol 25mg Tableta de liberacion prolongada;;;;;;
Tapentadol 50mg Tableta;;60;;;60;
Tapentadol 50mg Tableta de liberacion prolongada;;;;;;
Telmisartan 40mg Tableta;;;;;;
Telmisartan 80mg Tableta;;270;;;270;
Temozolamida 100mg Capsula dura;;;;;;
Teofilina 125mg Capsula dura;;;;;;
Teofilina 300mg Capsula de liberacion prolongada;;;;;;
Terbinafina 1% [100mg/10g] Crema topica;;;;;;
Terbinafina 250mg Tableta;;333;;;333;
Teriparatida 250mcg/mL [20mcg/0,08mL] Solucion inyectable Jeringa prellenada x 0,08mL;;;;;;
Testosterona enantato [250mg/mL] Solucion inyectable;;;;;;
Testosterona undecanoato [1g/4mL] Solucion inyectable;;;;;;
Tiamina monohidrato [1g/10mL] Solucion inyectable;;;;;;
Tiamina monohidrato 300mg Tableta;;;;;;
Tibolona 2,5mg Tableta;;;;;;
Ticagrelor 90mg Tableta;;360;;;360;
Timolol maleato 5mg/mL Solucion oftalmica Frasco gotero x 5mL;;;;;;
Tinidazol 500mg Tableta;;18;;;18;
Tiocolchicosido 4mg Tableta;;;;;;
Tiocolchicosido 8mg Tableta;;;;;;
Tioctico acido (acido alfa lipoico) 600mg Tableta;;;;;;
Tiotropio bromuro 18mcg Capsula dura para inhalacion;;;;;;
Tiotropio bromuro 2,5mcg/puff Aerosol Inhalador x 30 dosis;;;;;;
Tiras de glucometria;;;;;;
Tirotropina alfa 1,1mg Polvo esteril para reconstituir Vial;;;;;;
Tizanidina 2mg Tableta;;440;;;440;
Tizanidina 4mg Tableta;;9;;;9;
Tobramicina 3mg/mL Solucion oftalmica;;;;;;
Tolterodina 2mg Capsula de liberacion prolongada;;;;;;
Tolterodina 4mg Capsula de liberacion prolongada;;;;;;
Topiramato 100mg Tableta;;120;;;120;
Topiramato 25mg Tableta;;224;;;224;
Topiramato 50mg Tableta;;196;;;196;
Toxina botulinica tipo A 100U Polvo esteril para reconstituir Vial;;;;;;
Toxina botulinica tipo A 200U Polvo esteril para reconstituir Vial;;;;;;
Toxina botulinica tipo A 500U Polvo esteril para reconstituir Vial;;;;;;
Toxina botulinica tipo A 50U Polvo esteril para reconstituir Vial;;;;;;
Tramadol clorhidrato [50mg/mL] Solucion inyectable;;;;;;
Tramadol clorhidrato 10% [100mg/mL] Solucion oral;;;;;;
Tramadol clorhidrato 50mg Capsula dura;;;;;;
Tramadol clorhidrato 50mg/mL [100mg/2mL] Solucion inyectable;;;;;;
Tranexamico acido 500mg Tableta;;;;;;
Trastuzumab [600mg/6mL] Solucion inyectable Vial x 6mL;;;;;;
Trastuzumab 440mg Polvo esteril para reconstituir Vial;;;;;;
Trazodona clorhidrato 50mg Tableta;;;;;;
Trimebutina 200mg Tableta;;1346;;;1346;
Trimebutina 300mg Tableta;;425;;;425;
Umeclidinio + Vilanterol 55mcg + 22mcg/puff Polvo para inhalacion Inhalador x 30 dosis;;;;;;
Ursodeoxicolico acido 300mg Capsula dura;;;;;;
Valaciclovir 500mg Tableta;;;;;;
Valproato de sodio (valproico acido) 5% [250mg/5mL] Jarabe;;;;;;
Valproico acido 250mg Capsula blanda;;;;;;
Valproico acido 250mg Capsula dura;;;;;;
Valproico acido 5% [250mg/5mL] Jarabe;;;;;;
Valsartan 160mg Tableta;;4109;;;4109;
Valsartan 320mg Tableta;;300;;;300;
Valsartan 40mg Tableta;;;;;;
Valsartan 80mg Tableta;;1436;;;1436;
Venlafaxina 150mg Capsula de liberacion prolongada;;;;;;
Venlafaxina 37.5mg Capsula de liberacion prolongada;;;;;;
Venlafaxina 75mg Capsula de liberacion prolongada;;;;;;
Verapamilo clorhidrato 120mg Tableta;;;;;;
Verapamilo clorhidrato 80mg Tableta;;;;;;
Vigabatrina 500mg Tableta;;;;;;
Vildagliptina 50mg Tableta;;1048;;;1048;
Vincristina sulfato [1mg/mL] Solucion inyectable;;;;;;
Vitamina A palmitato 50,000UI Capsula blanda;;;;;;
Vitamina A palmitato 50,000UI Capsula dura;;;;;;
Vitamina D3 (colecalciferol) 1000UI Capsula blanda;;;;;;
Vitamina D3 (colecalciferol) 2000UI Capsula blanda;;;;;;
Vitamina D3 (colecalciferol) 25,000UI/mL Solucion oral;;;;;;
Vitamina D3 (colecalciferol) 5,600UI/mL [56,000UI/10mL] Solucion oral;;;;;;
Vitamina D3 (colecalciferol) 7000UI Capsula blanda;;;;;;
Vitamina E 1000UI Capsula blanda;;;;;;
Vitamina E 400UI Capsula blanda;;;;;;
Voriconazol 200mg Tableta;;;;;;
Warfarina sodica 5mg Tableta;;309;;;309;
Zinc oxido 10% [1g/10g] Crema topica;;;;;;
Zinc oxido 25% [2,5g/10g] Pasta;;;;;;
Zinc oxido 25% [2,5g/10g] Unguento topico;;;;;;
Zinc sulfato 0,2% [10mg/5mL] Solucion oral;;;;;;
Zinc sulfato 20mg Tableta;;;;;;
Zoledronico acido [4mg/5mL] Solucion inyectable Ampolla x 5mL;;;;;;
Zoledronico acido 4mg Polvo esteril para reconstituir Vial;;;;;;
Zopiclona 7.5mg Tableta;;90;;;90;
